Child Commit Recent Date,Parent,Hash,Deleted Tests Filepath,Deleted Tests,Deleted Tests Location,Deleted Tests With Whole File,Total Deleted Tests,Total Deleted Tests With Whole File
2002-06-28 10:13:50,8770d580c48300322744e2cba18ce0628f6cf830,['73b9f6efe33651347441d0f52ec919335b4a37a0'],['pmd/regress/test/net/sourceforge/pmd/RuleViolationTest.java'],['testStub'],{'pmd/regress/test/net/sourceforge/pmd/RuleViolationTest.java': ['testStub']},"{'Total File': 0, 'Total Tests': 0, 'Files': []}",1,0
2002-07-02 10:11:46,e115567351dc4de84df8212d5c5b18775c72369d,['6a96a5ba113e9a31c338bef1133ab4a21b875094'],['pmd/regress/test/net/sourceforge/pmd/FunctionalTest.java'],['testRemoveMe'],{'pmd/regress/test/net/sourceforge/pmd/FunctionalTest.java': ['testRemoveMe']},"{'Total File': 1, 'Total Tests': 1, 'Files': ['pmd/regress/test/net/sourceforge/pmd/FunctionalTest.java']}",1,1
2002-10-21 10:37:16,bdea301921181455cd2bd194d343ae04512b85fd,['f72dc2d18446f6e2bbd38b0896ec94c990f40a9f'],['pmd/regress/test/net/sourceforge/pmd/symboltable/ClassScopeTest.java'],['test1'],{'pmd/regress/test/net/sourceforge/pmd/symboltable/ClassScopeTest.java': ['test1']},"{'Total File': 0, 'Total Tests': 0, 'Files': []}",1,0
2002-10-21 15:35:43,b14aecd654e2d7f159c31ad2b5eb7b557dab39ef,['8665d850e7fe7cc630ed69ac5bb1d99a17bc8449'],['pmd/regress/test/net/sourceforge/pmd/symboltable/LocalScopeTest.java'],['test1'],{'pmd/regress/test/net/sourceforge/pmd/symboltable/LocalScopeTest.java': ['test1']},"{'Total File': 0, 'Total Tests': 0, 'Files': []}",1,0
2002-10-21 15:43:48,8665d850e7fe7cc630ed69ac5bb1d99a17bc8449,['3f6a4d670554ebbd6b9232cf5625f31b47cfff8c'],['pmd/regress/test/net/sourceforge/pmd/symboltable/LookupControllerTest.java'],['test1'],{'pmd/regress/test/net/sourceforge/pmd/symboltable/LookupControllerTest.java': ['test1']},"{'Total File': 1, 'Total Tests': 1, 'Files': ['pmd/regress/test/net/sourceforge/pmd/symboltable/LookupControllerTest.java']}",1,1
2004-03-02 14:26:52,637c381ead830e189d31cd64633626137a6821d8,['edd6ecb613cef30d63d55879fef8a64442e79593'],['pmd/regress/test/net/sourceforge/pmd/cpd/MarkComparatorTest.java'],['test1'],{'pmd/regress/test/net/sourceforge/pmd/cpd/MarkComparatorTest.java': ['test1']},"{'Total File': 0, 'Total Tests': 0, 'Files': []}",1,0
2004-09-16 14:32:14,008a79cb2db05f6dd22b0ad8eaa43957fe515f1d,['2aef63e9cd598d2da1b80ccbc532fc12582014c3'],['pmd/src/net/sourceforge/pmd/dfa/test/TestClass.java'],"['test_1', 'test_2', 'test_3', 'test_4', 'test_6', 'test_7', 'test_8', 'test_9', 'test_10', 'test_11', 'test_12', 'test_13', 'test_14', 'test_15', 'test_16', 'test_17', 'test_18', 'test_19', 'test_20', 'test_21', 'test_22', 'test_23', 'test_24', 'test_25', 'test_26', 'test_27']","{'pmd/src/net/sourceforge/pmd/dfa/test/TestClass.java': ['test_1', 'test_2', 'test_3', 'test_4', 'test_6', 'test_7', 'test_8', 'test_9', 'test_10', 'test_11', 'test_12', 'test_13', 'test_14', 'test_15', 'test_16', 'test_17', 'test_18', 'test_19', 'test_20', 'test_21', 'test_22', 'test_23', 'test_24', 'test_25', 'test_26', 'test_27']}","{'Total File': 1, 'Total Tests': 26, 'Files': ['pmd/src/net/sourceforge/pmd/dfa/test/TestClass.java']}",26,26
2004-09-17 15:05:45,3da887463bca751b9650d3215aac6d885932ddb6,['b8b433f625c62d483588ece1de062eef19b27adf'],['pmd/regress/test/net/sourceforge/pmd/dfa/AcceptanceTest.java'],['testAll'],{'pmd/regress/test/net/sourceforge/pmd/dfa/AcceptanceTest.java': ['testAll']},"{'Total File': 0, 'Total Tests': 0, 'Files': []}",1,0
2005-08-03 09:14:56,ce6d4a58594e8ae864d88ab35e9c07b8b59a265e,['de709946757119a428e240bfeaab422c138b7d18'],['pmd/regress/test/net/sourceforge/pmd/symboltable/DeclarationFinderTest.java'],['test1'],{'pmd/regress/test/net/sourceforge/pmd/symboltable/DeclarationFinderTest.java': ['test1']},"{'Total File': 1, 'Total Tests': 1, 'Files': ['pmd/regress/test/net/sourceforge/pmd/symboltable/DeclarationFinderTest.java']}",1,1
2006-05-15 13:58:48,cad7d128a07ce3b82a7a0dae81e2caad52915d89,['70762365b3b7b48dff118c26def73c1a051547d0'],['pmd/regress/test/net/sourceforge/pmd/ast/DiscardableNodeCleanerTest.java'],['testFoo'],{'pmd/regress/test/net/sourceforge/pmd/ast/DiscardableNodeCleanerTest.java': ['testFoo']},"{'Total File': 1, 'Total Tests': 1, 'Files': ['pmd/regress/test/net/sourceforge/pmd/ast/DiscardableNodeCleanerTest.java']}",1,1
2007-06-26 20:54:34,3352454242f8a1abba5e6d2b49ce861b8abdb8c8,['567948e2c3bf88d1a57852869c28f1f6765957c8'],['pmd/regress/test/net/sourceforge/pmd/rules/codesize/ExcessiveMethodLengthTest.java'],['testOverrideMinimumWithTopScore'],{'pmd/regress/test/net/sourceforge/pmd/rules/codesize/ExcessiveMethodLengthTest.java': ['testOverrideMinimumWithTopScore']},"{'Total File': 1, 'Total Tests': 1, 'Files': ['pmd/regress/test/net/sourceforge/pmd/rules/codesize/ExcessiveMethodLengthTest.java']}",1,1
2008-08-20 20:58:41,7c6f11dd076225fc7acf90cb327e27da85f7c4d0,['61070bc9cf24651888d1534f020ca9868b7f8fee'],['pmd/regress/test/net/sourceforge/pmd/properties/FloatPropertyTest.java'],['testErrorForBad'],{'pmd/regress/test/net/sourceforge/pmd/properties/FloatPropertyTest.java': ['testErrorForBad']},"{'Total File': 0, 'Total Tests': 0, 'Files': []}",1,0
2008-08-24 18:05:01,3e984b12209f3ed84b6237ef4b194f1a4f1a69bf,['bfa41bb6cd708b5670f112312e68fb073a4ea18c'],['pmd/regress/test/net/sourceforge/pmd/properties/TypePropertyTest.java'],['testErrorForBad'],{'pmd/regress/test/net/sourceforge/pmd/properties/TypePropertyTest.java': ['testErrorForBad']},"{'Total File': 0, 'Total Tests': 0, 'Files': []}",1,0
2013-03-13 14:31:33,3bf8eb9d1f40fd6b278bd2baf0adbc712cd6dc85,['3ce242c179865d2457c5f3c72fc5a13f755abdaa'],['pmd/src/test/java/net/sourceforge/pmd/lang/java/rule/design/TooManyHttpFilterTest.java'],['testDefault'],{'pmd/src/test/java/net/sourceforge/pmd/lang/java/rule/design/TooManyHttpFilterTest.java': ['testDefault']},"{'Total File': 1, 'Total Tests': 1, 'Files': ['pmd/src/test/java/net/sourceforge/pmd/lang/java/rule/design/TooManyHttpFilterTest.java']}",1,1
2014-04-12 18:50:56,24c9bb9de98f55520c53efc065a3b2581ad87fbf,['0f72ff41d93635c23b759942ec7d193c59b13413'],"['pmd-eclipse-plugin/net.sourceforge.pmd.eclipse.plugin.test/src/main/java/net/sourceforge/pmd/eclipse/runtime/properties/ProjectPropertiesModelTest.java', 'pmd-dcpd/regress/test/net/sourceforge/pmd/dcpd/TilePlanterTest.java', 'pmd-dcpd/regress/test/net/sourceforge/pmd/dcpd/TileHarvesterTest.java', 'pmd-jerry/test/test/net/sourceforge/pmd/jerry/ast/xpath/visitor/AbstractPrintVisitorTest.java', 'pmd-dcpd/regress/test/net/sourceforge/pmd/dcpd/TileExpanderTest.java', 'pmd-eclipse-plugin/net.sourceforge.pmd.eclipse.plugin.test/src/main/java/net/sourceforge/pmd/eclipse/runtime/cmd/ReviewCmdTest.java']","['test1', 'test1', 'test1', 'testReviewCmdDelta', 'testProjectRuleSet2', 'incrementOperations']","{'pmd-eclipse-plugin/net.sourceforge.pmd.eclipse.plugin.test/src/main/java/net/sourceforge/pmd/eclipse/runtime/properties/ProjectPropertiesModelTest.java': ['testProjectRuleSet2'], 'pmd-dcpd/regress/test/net/sourceforge/pmd/dcpd/TilePlanterTest.java': ['test1'], 'pmd-dcpd/regress/test/net/sourceforge/pmd/dcpd/TileHarvesterTest.java': ['test1'], 'pmd-jerry/test/test/net/sourceforge/pmd/jerry/ast/xpath/visitor/AbstractPrintVisitorTest.java': ['incrementOperations'], 'pmd-dcpd/regress/test/net/sourceforge/pmd/dcpd/TileExpanderTest.java': ['test1'], 'pmd-eclipse-plugin/net.sourceforge.pmd.eclipse.plugin.test/src/main/java/net/sourceforge/pmd/eclipse/runtime/cmd/ReviewCmdTest.java': ['testReviewCmdDelta']}","{'Total File': 6, 'Total Tests': 6, 'Files': ['pmd-eclipse-plugin/net.sourceforge.pmd.eclipse.plugin.test/src/main/java/net/sourceforge/pmd/eclipse/runtime/properties/ProjectPropertiesModelTest.java', 'pmd-dcpd/regress/test/net/sourceforge/pmd/dcpd/TilePlanterTest.java', 'pmd-dcpd/regress/test/net/sourceforge/pmd/dcpd/TileHarvesterTest.java', 'pmd-jerry/test/test/net/sourceforge/pmd/jerry/ast/xpath/visitor/AbstractPrintVisitorTest.java', 'pmd-dcpd/regress/test/net/sourceforge/pmd/dcpd/TileExpanderTest.java', 'pmd-eclipse-plugin/net.sourceforge.pmd.eclipse.plugin.test/src/main/java/net/sourceforge/pmd/eclipse/runtime/cmd/ReviewCmdTest.java']}",6,6
2017-06-26 09:03:35,bb8fe903eac94c0f0e849d14a0be86e1e2503890,['739dccfcca05778793fc7d613b660e86fb3b7b99'],"['pmd-core/src/test/java/net/sourceforge/pmd/properties/CharacterPropertyTest.java', 'pmd-core/src/test/java/net/sourceforge/pmd/properties/IntegerPropertyTest.java']","['testErrorForBad', 'testErrorForBad']","{'pmd-core/src/test/java/net/sourceforge/pmd/properties/CharacterPropertyTest.java': ['testErrorForBad'], 'pmd-core/src/test/java/net/sourceforge/pmd/properties/IntegerPropertyTest.java': ['testErrorForBad']}","{'Total File': 0, 'Total Tests': 0, 'Files': []}",2,0
2017-11-01 12:54:10,1d07ad353eee6e8ccaeb0b013629571ce6663617,['c29f2a44e61e259a6103ef5ed874d3cf02c24d74'],['pmd-java/src/test/java/net/sourceforge/pmd/RuleSetFactoryTest.java'],['testAllPMDBuiltInRulesMeetConventions'],{'pmd-java/src/test/java/net/sourceforge/pmd/RuleSetFactoryTest.java': ['testAllPMDBuiltInRulesMeetConventions']},"{'Total File': 0, 'Total Tests': 0, 'Files': []}",1,0
2020-06-12 09:56:43,ecc869926972f5437d20a72dce261497cbd2c44a,['1540ec6d9148fc14fc1673f4df1d33030d2ffcf7'],['pmd-dart/src/test/java/net/sourceforge/pmd/cpd/DartTokenizerTest.java'],['tokenizeTest'],{'pmd-dart/src/test/java/net/sourceforge/pmd/cpd/DartTokenizerTest.java': ['tokenizeTest']},"{'Total File': 0, 'Total Tests': 0, 'Files': []}",1,0
2020-06-13 15:00:58,4b3d58d4c98e78ab61b9b0d5c31ede6c32707715,['da371182aadaec625274f651e2a28ee6a71ff161'],"['pmd-go/src/test/java/net/sourceforge/pmd/cpd/GoTokenizerTest.java', 'pmd-go/src/test/java/net/sourceforge/pmd/cpd/GoCPDTokenizerTest.java']","['tokenizeTest', 'tokenizeTest']","{'pmd-go/src/test/java/net/sourceforge/pmd/cpd/GoTokenizerTest.java': ['tokenizeTest'], 'pmd-go/src/test/java/net/sourceforge/pmd/cpd/GoCPDTokenizerTest.java': ['tokenizeTest']}","{'Total File': 1, 'Total Tests': 1, 'Files': ['pmd-go/src/test/java/net/sourceforge/pmd/cpd/GoCPDTokenizerTest.java']}",2,1
2020-06-13 15:04:33,da371182aadaec625274f651e2a28ee6a71ff161,['da764abb1ee6019ba4aef1572ef4bdd8022de3b0'],['pmd-kotlin/src/test/java/net/sourceforge/pmd/cpd/KotlinTokenizerTest.java'],['tokenizeTest'],{'pmd-kotlin/src/test/java/net/sourceforge/pmd/cpd/KotlinTokenizerTest.java': ['tokenizeTest']},"{'Total File': 0, 'Total Tests': 0, 'Files': []}",1,0
2020-06-13 15:08:58,da764abb1ee6019ba4aef1572ef4bdd8022de3b0,['50725a95fc222723cc4efa89c19cbe4b574a9f52'],['pmd-ruby/src/test/java/net/sourceforge/pmd/cpd/RubyTokenizerTest.java'],['tokenizeTest'],{'pmd-ruby/src/test/java/net/sourceforge/pmd/cpd/RubyTokenizerTest.java': ['tokenizeTest']},"{'Total File': 0, 'Total Tests': 0, 'Files': []}",1,0
2020-06-13 15:57:18,6eba9a827fac10720d8ca9f35412c5988e4c9256,['7e594e390a05230e91d063eea7edf5d48f0da608'],['pmd-fortran/src/test/java/net/sourceforge/pmd/cpd/FortranTokenizerTest.java'],['tokenizeTest'],{'pmd-fortran/src/test/java/net/sourceforge/pmd/cpd/FortranTokenizerTest.java': ['tokenizeTest']},"{'Total File': 0, 'Total Tests': 0, 'Files': []}",1,0
2020-06-13 16:01:14,7e594e390a05230e91d063eea7edf5d48f0da608,['ff2aa9c038f519f0fcd49112167def7e56fad610'],['pmd-lua/src/test/java/net/sourceforge/pmd/cpd/LuaTokenizerTest.java'],['tokenizeTest'],{'pmd-lua/src/test/java/net/sourceforge/pmd/cpd/LuaTokenizerTest.java': ['tokenizeTest']},"{'Total File': 0, 'Total Tests': 0, 'Files': []}",1,0
2020-06-13 16:34:00,3df4506365c0bce73d45bc426e3d8c75f3590aa4,['9fc15f0b915267404df6a8e25d0977f96130d9e3'],['pmd-java/src/test/java/net/sourceforge/pmd/cpd/JavaTokenizerTest.java'],['testSlice'],{'pmd-java/src/test/java/net/sourceforge/pmd/cpd/JavaTokenizerTest.java': ['testSlice']},"{'Total File': 0, 'Total Tests': 0, 'Files': []}",1,0
2020-06-13 16:39:35,9fc15f0b915267404df6a8e25d0977f96130d9e3,['60d028a28212be292d670253b5027824a197805b'],['pmd-matlab/src/test/java/net/sourceforge/pmd/cpd/MatlabTokenizerTest.java'],['tokenizeTest'],{'pmd-matlab/src/test/java/net/sourceforge/pmd/cpd/MatlabTokenizerTest.java': ['tokenizeTest']},"{'Total File': 0, 'Total Tests': 0, 'Files': []}",1,0
2020-06-13 16:44:34,60d028a28212be292d670253b5027824a197805b,['15d6515278453aafe3d59b8b0124c2ab8a611c55'],"['pmd-objectivec/src/test/java/net/sourceforge/pmd/cpd/UTF8EscapesInStringLiteralObjCTokenizerTest.java', 'pmd-objectivec/src/test/java/net/sourceforge/pmd/cpd/UnicodeObjectiveCTokenizerTest.java', 'pmd-objectivec/src/test/java/net/sourceforge/pmd/cpd/ObjectiveCTokenizerTest.java']","['tokenizeTest', 'tokenizeTest', 'tokenizeTest', 'testIgnoreBetweenSpecialComments']","{'pmd-objectivec/src/test/java/net/sourceforge/pmd/cpd/UTF8EscapesInStringLiteralObjCTokenizerTest.java': ['tokenizeTest'], 'pmd-objectivec/src/test/java/net/sourceforge/pmd/cpd/UnicodeObjectiveCTokenizerTest.java': ['tokenizeTest', 'testIgnoreBetweenSpecialComments'], 'pmd-objectivec/src/test/java/net/sourceforge/pmd/cpd/ObjectiveCTokenizerTest.java': ['tokenizeTest']}","{'Total File': 2, 'Total Tests': 3, 'Files': ['pmd-objectivec/src/test/java/net/sourceforge/pmd/cpd/UTF8EscapesInStringLiteralObjCTokenizerTest.java', 'pmd-objectivec/src/test/java/net/sourceforge/pmd/cpd/UnicodeObjectiveCTokenizerTest.java']}",4,3
2020-06-13 16:48:21,15d6515278453aafe3d59b8b0124c2ab8a611c55,['2c563436e41067fa253f824ca0e768500dc29d34'],['pmd-plsql/src/test/java/net/sourceforge/pmd/cpd/PLSQLTokenizerTest.java'],['tokenizeTest'],{'pmd-plsql/src/test/java/net/sourceforge/pmd/cpd/PLSQLTokenizerTest.java': ['tokenizeTest']},"{'Total File': 0, 'Total Tests': 0, 'Files': []}",1,0
2020-06-13 16:56:55,2c563436e41067fa253f824ca0e768500dc29d34,['aedd2ce49376042e3dbdcb1d9147754214ff4697'],['pmd-python/src/test/java/net/sourceforge/pmd/cpd/PythonTokenizerTest.java'],['tokenizeTest'],{'pmd-python/src/test/java/net/sourceforge/pmd/cpd/PythonTokenizerTest.java': ['tokenizeTest']},"{'Total File': 0, 'Total Tests': 0, 'Files': []}",1,0
2020-06-13 16:58:17,aedd2ce49376042e3dbdcb1d9147754214ff4697,['394b8665249d7c2f7f372ec754e97483d3860199'],"['pmd-swift/src/test/java/net/sourceforge/pmd/cpd/SwiftTokenizerTest.java', 'pmd-swift/src/test/java/net/sourceforge/pmd/cpd/Issue628Test.java']","['tokenize', 'tokenizeTest']","{'pmd-swift/src/test/java/net/sourceforge/pmd/cpd/SwiftTokenizerTest.java': ['tokenizeTest'], 'pmd-swift/src/test/java/net/sourceforge/pmd/cpd/Issue628Test.java': ['tokenize']}","{'Total File': 1, 'Total Tests': 1, 'Files': ['pmd-swift/src/test/java/net/sourceforge/pmd/cpd/Issue628Test.java']}",2,1
2020-06-13 18:09:49,59dfa15269710bc7aeeb81b00c6e1fe63512fe4e,['1bdbd4883c2751a3f4900ade0fc958d626e6e0c4'],['pmd-groovy/src/test/java/net/sourceforge/pmd/cpd/GroovyTokenizerTest.java'],['tokenizeTest'],{'pmd-groovy/src/test/java/net/sourceforge/pmd/cpd/GroovyTokenizerTest.java': ['tokenizeTest']},"{'Total File': 0, 'Total Tests': 0, 'Files': []}",1,0
2020-06-18 11:08:29,abd50366f8c5c51f21c10bed22052567ee8a2ee3,['2bf00f482d52208f5fd3c3e83b8d72c62b2bcb4e'],"['pmd-java/src/test/java/net/sourceforge/pmd/jaxen/RegexpAcceptanceTest.java', 'pmd-core/src/test/java/net/sourceforge/pmd/jaxen/AttributeTest.java', 'pmd-core/src/test/java/net/sourceforge/pmd/lang/ast/impl/AbstractNodeTest.java', 'pmd-core/src/test/java/net/sourceforge/pmd/jaxen/AttributeAxisIteratorTest.java']","['testRemove', 'testConstructor', 'testDeprecatedAttributeXPathQuery', 'testSimple']","{'pmd-java/src/test/java/net/sourceforge/pmd/jaxen/RegexpAcceptanceTest.java': ['testSimple'], 'pmd-core/src/test/java/net/sourceforge/pmd/jaxen/AttributeTest.java': ['testConstructor'], 'pmd-core/src/test/java/net/sourceforge/pmd/lang/ast/impl/AbstractNodeTest.java': ['testDeprecatedAttributeXPathQuery'], 'pmd-core/src/test/java/net/sourceforge/pmd/jaxen/AttributeAxisIteratorTest.java': ['testRemove']}","{'Total File': 3, 'Total Tests': 3, 'Files': ['pmd-core/src/test/java/net/sourceforge/pmd/jaxen/AttributeTest.java', 'pmd-java/src/test/java/net/sourceforge/pmd/jaxen/RegexpAcceptanceTest.java', 'pmd-core/src/test/java/net/sourceforge/pmd/jaxen/AttributeAxisIteratorTest.java']}",4,3
2020-06-18 14:32:19,7f081f0e63174e3f6d59494dde0559b174d9f14c,['d624ee99f0b1acb5992b5ac720d8006475644b49'],['pmd-cpp/src/test/java/net/sourceforge/pmd/cpd/CPPTokenizerTest.java'],['testUnicodeEscapeInIdentifier'],{'pmd-cpp/src/test/java/net/sourceforge/pmd/cpd/CPPTokenizerTest.java': ['testUnicodeEscapeInIdentifier']},"{'Total File': 0, 'Total Tests': 0, 'Files': []}",1,0
2020-06-27 06:22:34,ad3e8b1fd51070f2bea1e08e1bfca5f72c64f5ff,['06904e7145fd1955f071fa8a1f3331b3ad6b2bc1'],['pmd-core/src/test/java/net/sourceforge/pmd/lang/rule/XPathRuleTest.java'],['testListAttributeDeprecation20'],{'pmd-core/src/test/java/net/sourceforge/pmd/lang/rule/XPathRuleTest.java': ['testListAttributeDeprecation20']},"{'Total File': 0, 'Total Tests': 0, 'Files': []}",1,0
2020-07-28 05:31:59,7db6f3809c07c93729a8183cf80c19a9643d0837,['942493051eb3deb429b7c4a755807b5a366f2bdf'],['pmd-core/src/test/java/net/sourceforge/pmd/properties/MethodPropertyTest.java'],"['testMissingPackageNames', 'testAsStringOn', 'testAsMethodOn', 'testFactorySingleValue', 'testFactoryMultiValueCustomDelimiter', 'testFactoryMultiValueDefaultDelimiter']","{'pmd-core/src/test/java/net/sourceforge/pmd/properties/MethodPropertyTest.java': ['testMissingPackageNames', 'testAsStringOn', 'testAsMethodOn', 'testFactorySingleValue', 'testFactoryMultiValueCustomDelimiter', 'testFactoryMultiValueDefaultDelimiter']}","{'Total File': 1, 'Total Tests': 6, 'Files': ['pmd-core/src/test/java/net/sourceforge/pmd/properties/MethodPropertyTest.java']}",6,6
2020-07-28 05:51:55,942493051eb3deb429b7c4a755807b5a366f2bdf,['d650c87d8d4a60d4ad6fe2a514524d952a50bd94'],"['pmd-core/src/test/java/net/sourceforge/pmd/util/DateTimeUtilTest.java', 'pmd-core/src/test/java/net/sourceforge/pmd/util/StringUtilTest.java']","['testConversions', 'testReplaceWithOneChar', 'testReplaceWithMultipleChars', 'testReplaceStringWithString', 'testReplaceStringWithString2', 'testReplaceWithNull']","{'pmd-core/src/test/java/net/sourceforge/pmd/util/DateTimeUtilTest.java': ['testConversions'], 'pmd-core/src/test/java/net/sourceforge/pmd/util/StringUtilTest.java': ['testReplaceWithOneChar', 'testReplaceWithMultipleChars', 'testReplaceStringWithString', 'testReplaceStringWithString2', 'testReplaceWithNull']}","{'Total File': 1, 'Total Tests': 1, 'Files': ['pmd-core/src/test/java/net/sourceforge/pmd/util/DateTimeUtilTest.java']}",6,1
2020-07-28 06:08:47,d650c87d8d4a60d4ad6fe2a514524d952a50bd94,['e0de46652b00bc95378e8fbb3ff8913edb1673e6'],['pmd-core/src/test/java/net/sourceforge/pmd/lang/dfa/report/ViolationNodeTest.java'],"['testEqualsNodeWithTwoEqualViolations', 'testEqualsNodeWithTwoDifferentViolationsDifferentFilename', 'testEqualsNodeWithTwoDifferentViolationsDifferentBeginLine', 'testEqualsNodeWithTwoDifferentViolationsDifferentEndLine', 'testEqualsNodeWithTwoDifferentViolationsDifferentBeginColumn', 'testEqualsNodeWithTwoDifferentViolationsDifferentEndColumn', 'testEqualsNodeWithTwoDifferentViolationsDifferentVariableName']","{'pmd-core/src/test/java/net/sourceforge/pmd/lang/dfa/report/ViolationNodeTest.java': ['testEqualsNodeWithTwoEqualViolations', 'testEqualsNodeWithTwoDifferentViolationsDifferentFilename', 'testEqualsNodeWithTwoDifferentViolationsDifferentBeginLine', 'testEqualsNodeWithTwoDifferentViolationsDifferentEndLine', 'testEqualsNodeWithTwoDifferentViolationsDifferentBeginColumn', 'testEqualsNodeWithTwoDifferentViolationsDifferentEndColumn', 'testEqualsNodeWithTwoDifferentViolationsDifferentVariableName']}","{'Total File': 1, 'Total Tests': 7, 'Files': ['pmd-core/src/test/java/net/sourceforge/pmd/lang/dfa/report/ViolationNodeTest.java']}",7,7
2020-07-31 10:07:16,5d13e397a05057a60aa5f6501c280055c3bb8e78,['e00b208497f882c4570ae9676d814ba297aeeb95'],"['pmd-java/src/test/java/net/sourceforge/pmd/typeresolution/ClassTypeResolverTest.java', 'pmd-java/src/test/java/net/sourceforge/pmd/typeresolution/ClassTypeResolverJava8Test.java']","['testThisExpression', 'testSuperExpression', 'stackOverflowTest', 'testClassNameExists', 'acceptanceTest', 'testEnumAnonymousInnerClass', 'testExtraTopLevelClass', 'testInnerClass', 'testInnerClassNotCompiled', 'testAnonymousClassFromInterface', 'testNestedAnonymousClass', 'testAnonymousExtendingObject', 'testAnonymousInnerClass', 'testLiterals', 'testUnaryNumericPromotion', 'testBinaryNumericPromotion', 'testBinaryStringPromotion', 'testUnaryLogicalOperators', 'testBinaryLogicalOperators', 'testUnaryNumericOperators', 'testBinaryNumericOperators', 'testAssignmentOperators', 'testFullyQualifiedType', 'testThisExpression', 'testArrayTypes', 'testArrayAccess', 'testReferenceType', 'testHeterogeneousArrayFieldDeclaration', 'testFieldAccess', 'testFieldAccessNested', 'testFieldAccessShadow', 'testFieldAccessSuper', 'testBoundsGenericFieldAccess', 'testParameterGenericFieldAccess', 'testSimpleGenericFieldAccess', 'testRawGenericFieldAccess', 'testPrimarySimpleGenericFieldAccess', 'testFieldAccessGenericNested', 'testFieldAccessStatic', 'testMethodPotentialApplicability', 'testMethodAccessibility', 'testMethodFirstPhase', 'testMethodMostSpecific', 'testMethodSecondPhase', 'testMethodThirdPhase', 'testMethodStaticAccess', 'testMethodGenericExplicit', 'testGenericArrays', 'testMethodTypeInference', 'testMethodTypeInferenceVarargsZeroArity', 'testMethodTypeInferenceVarargsAsFixedArity', 'testJavaTypeDefinitionEquals', 'testJavaTypeDefinitionGetSuperTypeSet', 'testJavaTypeDefinitionGetErasedSuperTypeSet', 'testMethodInitialBounds', 'testMethodInitialConstraints', 'testMethodParameterization', 'testNestedAllocationExpressions', 'testAnnotatedTypeParams', 'testMethodOverrides', 'testMethodWildcardParam', 'testAbstractMethodReturnType', 'testMethodOverloaded', 'testVarArgsMethodUseCase', 'testLocalGenericClass', 'testMethodCallExpressionTypes']","{'pmd-java/src/test/java/net/sourceforge/pmd/typeresolution/ClassTypeResolverTest.java': ['stackOverflowTest', 'testClassNameExists', 'acceptanceTest', 'testEnumAnonymousInnerClass', 'testExtraTopLevelClass', 'testInnerClass', 'testInnerClassNotCompiled', 'testAnonymousClassFromInterface', 'testNestedAnonymousClass', 'testAnonymousExtendingObject', 'testAnonymousInnerClass', 'testLiterals', 'testUnaryNumericPromotion', 'testBinaryNumericPromotion', 'testBinaryStringPromotion', 'testUnaryLogicalOperators', 'testBinaryLogicalOperators', 'testUnaryNumericOperators', 'testBinaryNumericOperators', 'testAssignmentOperators', 'testFullyQualifiedType', 'testThisExpression', 'testArrayTypes', 'testArrayAccess', 'testReferenceType', 'testHeterogeneousArrayFieldDeclaration', 'testFieldAccess', 'testFieldAccessNested', 'testFieldAccessShadow', 'testFieldAccessSuper', 'testBoundsGenericFieldAccess', 'testParameterGenericFieldAccess', 'testSimpleGenericFieldAccess', 'testRawGenericFieldAccess', 'testPrimarySimpleGenericFieldAccess', 'testFieldAccessGenericNested', 'testFieldAccessStatic', 'testMethodPotentialApplicability', 'testMethodAccessibility', 'testMethodFirstPhase', 'testMethodMostSpecific', 'testMethodSecondPhase', 'testMethodThirdPhase', 'testMethodStaticAccess', 'testMethodGenericExplicit', 'testGenericArrays', 'testMethodTypeInference', 'testMethodTypeInferenceVarargsZeroArity', 'testMethodTypeInferenceVarargsAsFixedArity', 'testJavaTypeDefinitionEquals', 'testJavaTypeDefinitionGetSuperTypeSet', 'testJavaTypeDefinitionGetErasedSuperTypeSet', 'testMethodInitialBounds', 'testMethodInitialConstraints', 'testMethodParameterization', 'testNestedAllocationExpressions', 'testAnnotatedTypeParams', 'testMethodOverrides', 'testMethodWildcardParam', 'testAbstractMethodReturnType', 'testMethodOverloaded', 'testVarArgsMethodUseCase', 'testLocalGenericClass', 'testMethodCallExpressionTypes'], 'pmd-java/src/test/java/net/sourceforge/pmd/typeresolution/ClassTypeResolverJava8Test.java': ['testThisExpression', 'testSuperExpression']}","{'Total File': 2, 'Total Tests': 66, 'Files': ['pmd-java/src/test/java/net/sourceforge/pmd/typeresolution/ClassTypeResolverTest.java', 'pmd-java/src/test/java/net/sourceforge/pmd/typeresolution/ClassTypeResolverJava8Test.java']}",66,66
2020-08-03 16:16:18,c554aceba627ffd1c28b8a80192a7f1baddf9a7c,['bf3d3083eba32c43c836dd2920fe29a43d654ab4'],"['pmd-java/src/test/java/net/sourceforge/pmd/lang/java/dfa/DataFlowNodeTest.java', 'pmd-java/src/test/java/net/sourceforge/pmd/lang/java/dfa/GeneralFiddlingTest.java', 'pmd-java/src/test/java/net/sourceforge/pmd/lang/java/dfa/DAAPathFinderTest.java', 'pmd-java/src/test/java/net/sourceforge/pmd/lang/java/dfa/VariableAccessTest.java', 'pmd-java/src/test/java/net/sourceforge/pmd/lang/java/dfa/AcceptanceTest.java', 'pmd-java/src/test/java/net/sourceforge/pmd/lang/java/dfa/StatementAndBraceFinderTest.java']","['testbook', 'testLabelledBreakLockup', 'test1', 'test2', 'test3', 'test4', 'test6', 'test7', 'test8', 'test9', 'test10', 'test11', 'test12', 'test13', 'test14', 'test15', 'test16', 'test17', 'test18', 'test19', 'test20', 'test21', 'test22', 'test23', 'test24', 'test25', 'test26', 'test27', 'test28', 'test29', 'test30', 'testTwoUpdateDefs', 'testAddPathToChild', 'testRemovePathToChild', 'testRemovePathWithNonChild', 'testReverseParentPathsTo', 'testSetType', 'innerClassShouldWork', 'test1', 'testStatementExpressionParentChildLinks', 'testVariableDeclaratorParentChildLinks', 'testIfStmtHasCorrectTypes', 'testWhileStmtHasCorrectTypes', 'testForStmtHasCorrectTypes', 'testGetVariableName']","{'pmd-java/src/test/java/net/sourceforge/pmd/lang/java/dfa/DataFlowNodeTest.java': ['testAddPathToChild', 'testRemovePathToChild', 'testRemovePathWithNonChild', 'testReverseParentPathsTo', 'testSetType'], 'pmd-java/src/test/java/net/sourceforge/pmd/lang/java/dfa/GeneralFiddlingTest.java': ['innerClassShouldWork', 'test1'], 'pmd-java/src/test/java/net/sourceforge/pmd/lang/java/dfa/DAAPathFinderTest.java': ['testTwoUpdateDefs'], 'pmd-java/src/test/java/net/sourceforge/pmd/lang/java/dfa/VariableAccessTest.java': ['testGetVariableName'], 'pmd-java/src/test/java/net/sourceforge/pmd/lang/java/dfa/AcceptanceTest.java': ['testbook', 'testLabelledBreakLockup', 'test1', 'test2', 'test3', 'test4', 'test6', 'test7', 'test8', 'test9', 'test10', 'test11', 'test12', 'test13', 'test14', 'test15', 'test16', 'test17', 'test18', 'test19', 'test20', 'test21', 'test22', 'test23', 'test24', 'test25', 'test26', 'test27', 'test28', 'test29', 'test30'], 'pmd-java/src/test/java/net/sourceforge/pmd/lang/java/dfa/StatementAndBraceFinderTest.java': ['testStatementExpressionParentChildLinks', 'testVariableDeclaratorParentChildLinks', 'testIfStmtHasCorrectTypes', 'testWhileStmtHasCorrectTypes', 'testForStmtHasCorrectTypes']}","{'Total File': 6, 'Total Tests': 45, 'Files': ['pmd-java/src/test/java/net/sourceforge/pmd/lang/java/dfa/DataFlowNodeTest.java', 'pmd-java/src/test/java/net/sourceforge/pmd/lang/java/dfa/GeneralFiddlingTest.java', 'pmd-java/src/test/java/net/sourceforge/pmd/lang/java/dfa/DAAPathFinderTest.java', 'pmd-java/src/test/java/net/sourceforge/pmd/lang/java/dfa/VariableAccessTest.java', 'pmd-java/src/test/java/net/sourceforge/pmd/lang/java/dfa/AcceptanceTest.java', 'pmd-java/src/test/java/net/sourceforge/pmd/lang/java/dfa/StatementAndBraceFinderTest.java']}",45,45
2020-08-03 16:17:01,bf3d3083eba32c43c836dd2920fe29a43d654ab4,['be98a689f74e882198adf305ee75fa17a5b67798'],['pmd-plsql/src/test/java/net/sourceforge/pmd/lang/plsql/dfa/StatementAndBraceFinderTest.java'],"['testExpressionParentChildLinks', 'testVariableOrConstantDeclaratorParentChildLinks', 'testIfStmtHasCorrectTypes', 'testWhileStmtHasCorrectTypes', 'testForStmtHasCorrectTypes', 'testSimpleCaseStmtHasCorrectTypes', 'testLabelledStmtHasCorrectTypes']","{'pmd-plsql/src/test/java/net/sourceforge/pmd/lang/plsql/dfa/StatementAndBraceFinderTest.java': ['testExpressionParentChildLinks', 'testVariableOrConstantDeclaratorParentChildLinks', 'testIfStmtHasCorrectTypes', 'testWhileStmtHasCorrectTypes', 'testForStmtHasCorrectTypes', 'testSimpleCaseStmtHasCorrectTypes', 'testLabelledStmtHasCorrectTypes']}","{'Total File': 1, 'Total Tests': 7, 'Files': ['pmd-plsql/src/test/java/net/sourceforge/pmd/lang/plsql/dfa/StatementAndBraceFinderTest.java']}",7,7
2020-08-13 12:15:02,575d1262a9dc5dbe519d3f17bb3e2b23a5864140,['02a78f5bea0189fbf9e25b383a9df18f2944f6b0'],['pmd-java/src/test/java/net/sourceforge/pmd/lang/java/ast/Java13Test.java'],"['testSwitchExpressions', 'testSwitchExpressionsYield', 'testSwitchExpressionsBeforeJava13', 'testTextBlocks', 'testTextBlocksBeforeJava13']","{'pmd-java/src/test/java/net/sourceforge/pmd/lang/java/ast/Java13Test.java': ['testSwitchExpressions', 'testSwitchExpressionsYield', 'testSwitchExpressionsBeforeJava13', 'testTextBlocks', 'testTextBlocksBeforeJava13']}","{'Total File': 1, 'Total Tests': 5, 'Files': ['pmd-java/src/test/java/net/sourceforge/pmd/lang/java/ast/Java13Test.java']}",5,5
2020-08-23 11:33:17,f4cdb3bf642b864fcc5eea7ca206a418f7b7d74a,['e5bf0b3f82407e1589a4952e3b7fe2a93d583345'],['pmd-java/src/test/java/net/sourceforge/pmd/lang/java/ast/ParserCornersTest.java'],"['testMultipleExceptionCatchingJava7', 'testGitHubBug257NonExistingCast', 'stringConcatentationShouldNotBeCast']","{'pmd-java/src/test/java/net/sourceforge/pmd/lang/java/ast/ParserCornersTest.java': ['testMultipleExceptionCatchingJava7', 'testGitHubBug257NonExistingCast', 'stringConcatentationShouldNotBeCast']}","{'Total File': 0, 'Total Tests': 0, 'Files': []}",3,0
2020-08-23 12:17:05,c6536db0379500953c443284964528d431662bbc,['226cb0f74afc46f4366797f76c2961843bd29022'],['pmd-java/src/test/java/net/sourceforge/pmd/lang/java/typeresolution/TypeHelperTest.java'],"['testIsAFallback', 'testIsAFallbackEnum', 'testIsAFallbackAnnotation', 'testIsAFallbackAnnotationSimpleNameImport']","{'pmd-java/src/test/java/net/sourceforge/pmd/lang/java/typeresolution/TypeHelperTest.java': ['testIsAFallback', 'testIsAFallbackEnum', 'testIsAFallbackAnnotation', 'testIsAFallbackAnnotationSimpleNameImport']}","{'Total File': 1, 'Total Tests': 4, 'Files': ['pmd-java/src/test/java/net/sourceforge/pmd/lang/java/typeresolution/TypeHelperTest.java']}",4,4
2020-08-25 08:18:19,285e7f2e947de7d0177c475f5960ecc7836bda79,['7a456e5b935242acaf16619b4ae8e9a12e4e52f6'],['pmd-core/src/test/java/net/sourceforge/pmd/RuleContextTest.java'],"['testAttributes', 'testSharedAttributes']","{'pmd-core/src/test/java/net/sourceforge/pmd/RuleContextTest.java': ['testAttributes', 'testSharedAttributes']}","{'Total File': 0, 'Total Tests': 0, 'Files': []}",2,0
2020-08-31 01:34:13,08b19dbcdde5d6258515cf2620a855e7775d46ef,['dafe49f84ab9f76839c14a2ee9b904a4a309fb1b'],['pmd-java/src/test/java/net/sourceforge/pmd/lang/java/rule/JavaRuleViolationFactoryTest.java'],['messageWithSingleBrace'],{'pmd-java/src/test/java/net/sourceforge/pmd/lang/java/rule/JavaRuleViolationFactoryTest.java': ['messageWithSingleBrace']},"{'Total File': 1, 'Total Tests': 1, 'Files': ['pmd-java/src/test/java/net/sourceforge/pmd/lang/java/rule/JavaRuleViolationFactoryTest.java']}",1,1
2020-08-31 01:34:14,dafe49f84ab9f76839c14a2ee9b904a4a309fb1b,['387555b4a1e3f440a04d878d9fe1fc5a5bd64c70'],['pmd-core/src/test/java/net/sourceforge/pmd/processor/MultiThreadProcessorTest.java'],['testRulesDysnfunctionalLog'],{'pmd-core/src/test/java/net/sourceforge/pmd/processor/MultiThreadProcessorTest.java': ['testRulesDysnfunctionalLog']},"{'Total File': 0, 'Total Tests': 0, 'Files': []}",1,0
2020-08-31 01:34:14,387555b4a1e3f440a04d878d9fe1fc5a5bd64c70,['c66b3e8fa9f875cb63c25a12e88ae88b898e10a7'],['pmd-core/src/test/java/net/sourceforge/pmd/RuleContextTest.java'],['testReport'],{'pmd-core/src/test/java/net/sourceforge/pmd/RuleContextTest.java': ['testReport']},"{'Total File': 0, 'Total Tests': 0, 'Files': []}",1,0
2020-08-31 01:34:14,e7e6793eb343fdd24f064a426b5a412ca5fb4b8c,['094ce26227e7f064dc7b462ce952b41f3bc8cf5e'],['pmd-core/src/test/java/net/sourceforge/pmd/RuleContextTest.java'],"['testSourceCodeFilename', 'testSourceCodeFile']","{'pmd-core/src/test/java/net/sourceforge/pmd/RuleContextTest.java': ['testSourceCodeFilename', 'testSourceCodeFile']}","{'Total File': 0, 'Total Tests': 0, 'Files': []}",2,0
2020-08-31 01:34:25,97f90cc3fcd93575c6cfc86db075fe360503d7c4,['7af8ff452796f324df9f67fe023d1d2092889b80'],['pmd-core/src/test/java/net/sourceforge/pmd/RuleSetTest.java'],['ruleExceptionShouldBeThrownIfNotIgnored'],{'pmd-core/src/test/java/net/sourceforge/pmd/RuleSetTest.java': ['ruleExceptionShouldBeThrownIfNotIgnored']},"{'Total File': 0, 'Total Tests': 0, 'Files': []}",1,0
2020-09-14 11:13:42,35481bda4b59b2b032216cb92f94959a8742aeef,['6735b61c8f4b6acd407a4e846c1b8ae9972fea90'],['pmd-apex/src/test/java/net/sourceforge/pmd/lang/apex/metrics/ApexProjectMirrorTest.java'],"['memoizationTest', 'forceMemoizationTest']","{'pmd-apex/src/test/java/net/sourceforge/pmd/lang/apex/metrics/ApexProjectMirrorTest.java': ['memoizationTest', 'forceMemoizationTest']}","{'Total File': 1, 'Total Tests': 2, 'Files': ['pmd-apex/src/test/java/net/sourceforge/pmd/lang/apex/metrics/ApexProjectMirrorTest.java']}",2,2
2020-09-17 15:28:59,7d880a029040b261acff407fbd65901b9d3aba6b,['e89e35c261e9f8249a50ffc68ec7c0db78578476'],['pmd-core/src/test/java/net/sourceforge/pmd/util/document/MutableTextDocumentTest.java'],['insertAtStartOfTheFileShouldSucceed'],{'pmd-core/src/test/java/net/sourceforge/pmd/util/document/MutableTextDocumentTest.java': ['insertAtStartOfTheFileShouldSucceed']},"{'Total File': 0, 'Total Tests': 0, 'Files': []}",1,0
2020-09-17 15:28:59,d5d30dcae758f71bc3b487d31776f3d9a93664ed,['1d7f9641262b97bd38c2be9742120b937d6c2f87'],['pmd-core/src/test/java/net/sourceforge/pmd/document/DocumentOperationsApplierForNonOverlappingRegionsWithDocumentFileTest.java'],"['insertAtStartOfTheDocumentShouldSucceed', 'removeTokenShouldSucceed', 'insertAndRemoveTokensShouldSucceed', 'insertAndDeleteVariousTokensShouldSucceed', 'replaceATokenShouldSucceed', 'replaceVariousTokensShouldSucceed', 'insertDeleteAndReplaceVariousTokensShouldSucceed']","{'pmd-core/src/test/java/net/sourceforge/pmd/document/DocumentOperationsApplierForNonOverlappingRegionsWithDocumentFileTest.java': ['insertAtStartOfTheDocumentShouldSucceed', 'removeTokenShouldSucceed', 'insertAndRemoveTokensShouldSucceed', 'insertAndDeleteVariousTokensShouldSucceed', 'replaceATokenShouldSucceed', 'replaceVariousTokensShouldSucceed', 'insertDeleteAndReplaceVariousTokensShouldSucceed']}","{'Total File': 1, 'Total Tests': 7, 'Files': ['pmd-core/src/test/java/net/sourceforge/pmd/document/DocumentOperationsApplierForNonOverlappingRegionsWithDocumentFileTest.java']}",7,7
2020-09-17 15:29:00,8174e464a25ec2a0b7f9f33d4e32b79b65f1a9a5,['44c9140f6c166ab813158af17ea7248498160a65'],['pmd-core/src/test/java/net/sourceforge/pmd/util/document/TextDocumentTest.java'],['testRegionsRoundTrip'],{'pmd-core/src/test/java/net/sourceforge/pmd/util/document/TextDocumentTest.java': ['testRegionsRoundTrip']},"{'Total File': 0, 'Total Tests': 0, 'Files': []}",1,0
2020-09-17 15:29:01,b958b129e4626657cb378743d23a8cf053ae7bca,['9ca01cdb69025cbbca32cb512d39c698ed82d4fe'],['pmd-core/src/test/java/net/sourceforge/pmd/util/document/TextEditorTest.java'],['replaceVariousTokensShouldSucceed'],{'pmd-core/src/test/java/net/sourceforge/pmd/util/document/TextEditorTest.java': ['replaceVariousTokensShouldSucceed']},"{'Total File': 0, 'Total Tests': 0, 'Files': []}",1,0
2020-09-17 15:29:31,5090c9ae27e311897c39b0533280a1eba475db53,['822a98e0456cf4bdb3e6768e05d3a46e835fee99'],['pmd-core/src/test/java/net/sourceforge/pmd/util/document/TextEditorTest.java'],"['insertAtStartOfTheFileWithOffsetShouldSucceed', 'shouldPreserveNewlinesLf', 'shouldPreserveNewlinesCrLf', 'testEditTwice', 'testExternalModification', 'testLineNumbersAfterEdition', 'insertAtTheEndOfTheFileShouldSucceed', 'testInsertTwiceInSamePlace', 'removeTokenShouldSucceed', 'insertAndRemoveTokensShouldSucceed', 'insertAndDeleteVariousTokensShouldSucceed', 'replaceATokenShouldSucceed', 'testDrop', 'insertDeleteAndReplaceVariousTokensShouldSucceed', 'testOverlapOnDeletedRegion', 'testOverlapOnReplacedRegion', 'textDocumentsShouldOnlyAllowASingleOpenEditor', 'closedTextDocumentShouldntProduceNewEditors', 'closedEditorShouldFail', 'closedTextDocumentWithOpenEditorShouldThrow', 'closedTextDocumentShouldntNeutralizeExistingEditor', 'textReadOnlyDocumentCannotBeEdited']","{'pmd-core/src/test/java/net/sourceforge/pmd/util/document/TextEditorTest.java': ['insertAtStartOfTheFileWithOffsetShouldSucceed', 'shouldPreserveNewlinesLf', 'shouldPreserveNewlinesCrLf', 'testEditTwice', 'testExternalModification', 'testLineNumbersAfterEdition', 'insertAtTheEndOfTheFileShouldSucceed', 'testInsertTwiceInSamePlace', 'removeTokenShouldSucceed', 'insertAndRemoveTokensShouldSucceed', 'insertAndDeleteVariousTokensShouldSucceed', 'replaceATokenShouldSucceed', 'testDrop', 'insertDeleteAndReplaceVariousTokensShouldSucceed', 'testOverlapOnDeletedRegion', 'testOverlapOnReplacedRegion', 'textDocumentsShouldOnlyAllowASingleOpenEditor', 'closedTextDocumentShouldntProduceNewEditors', 'closedEditorShouldFail', 'closedTextDocumentWithOpenEditorShouldThrow', 'closedTextDocumentShouldntNeutralizeExistingEditor', 'textReadOnlyDocumentCannotBeEdited']}","{'Total File': 1, 'Total Tests': 22, 'Files': ['pmd-core/src/test/java/net/sourceforge/pmd/util/document/TextEditorTest.java']}",22,22
2020-09-17 15:30:00,2356f2f69ddeae1acb7298b982667409f6350cee,['dfe5710aee2ec6545e7a471079ef6b4ce3d1adfa'],['pmd-core/src/test/java/net/sourceforge/pmd/util/document/TextRegionTest.java'],"['testNegativeOffset', 'testNegativeLength']","{'pmd-core/src/test/java/net/sourceforge/pmd/util/document/TextRegionTest.java': ['testNegativeOffset', 'testNegativeLength']}","{'Total File': 0, 'Total Tests': 0, 'Files': []}",2,0
2020-09-17 15:56:02,3ee32effdaccdf2f0cf16dd200091b8b6da6c4d5,['e76a1d6eb8d32f620a567f76e4a8713a2d57a503'],['pmd-core/src/test/java/net/sourceforge/pmd/lang/ast/impl/javacc/io/JavaEscapeReaderTest.java'],['testNotAnEscape1Read3SplitInTheMiddleOfBackslashes'],{'pmd-core/src/test/java/net/sourceforge/pmd/lang/ast/impl/javacc/io/JavaEscapeReaderTest.java': ['testNotAnEscape1Read3SplitInTheMiddleOfBackslashes']},"{'Total File': 0, 'Total Tests': 0, 'Files': []}",1,0
2020-09-24 07:18:51,bb1568317b8898683ef90f731916cbf28f507a4f,['c2172cc58845f8984619a1d83073fb9443ab1aa9'],['pmd-java/src/test/java/net/sourceforge/pmd/lang/java/rule/documentation/AbstractCommentRuleTest.java'],['testTagsIndicesIn'],{'pmd-java/src/test/java/net/sourceforge/pmd/lang/java/rule/documentation/AbstractCommentRuleTest.java': ['testTagsIndicesIn']},"{'Total File': 0, 'Total Tests': 0, 'Files': []}",1,0
2020-09-28 12:32:54,d25c66137b43d2f956f94789547917298310b57e,['05602452981517fc2ebdc02e7a0875535763606c'],['pmd-core/src/test/java/net/sourceforge/pmd/lang/rule/DefaultRuleViolationFactoryTest.java'],['testMessageArgs'],{'pmd-core/src/test/java/net/sourceforge/pmd/lang/rule/DefaultRuleViolationFactoryTest.java': ['testMessageArgs']},"{'Total File': 0, 'Total Tests': 0, 'Files': []}",1,0
2020-09-28 13:20:32,020fa899d515697f6383d1d53d399beda5352015,['5c047b0e3e55999ea9aab0b4317cc1c976a93d60'],['pmd-java/src/test/java/net/sourceforge/pmd/lang/java/rule/JavaRuleViolationFactoryTest.java'],['messageWithSingleBrace'],{'pmd-java/src/test/java/net/sourceforge/pmd/lang/java/rule/JavaRuleViolationFactoryTest.java': ['messageWithSingleBrace']},"{'Total File': 1, 'Total Tests': 1, 'Files': ['pmd-java/src/test/java/net/sourceforge/pmd/lang/java/rule/JavaRuleViolationFactoryTest.java']}",1,1
2020-10-17 20:16:19,4dee15c8c363d01de12f8232185e6c5e2769d0d9,['a16aed50ebd709818e3a04324e3df62b833b7485'],['pmd-javascript/src/test/java/net/sourceforge/pmd/lang/ecmascript/EcmascriptParserOptionsTest.java'],"['testDefaults', 'testConstructor', 'testSetters', 'testEqualsHashcode']","{'pmd-javascript/src/test/java/net/sourceforge/pmd/lang/ecmascript/EcmascriptParserOptionsTest.java': ['testDefaults', 'testConstructor', 'testSetters', 'testEqualsHashcode']}","{'Total File': 1, 'Total Tests': 4, 'Files': ['pmd-javascript/src/test/java/net/sourceforge/pmd/lang/ecmascript/EcmascriptParserOptionsTest.java']}",4,4
2020-10-17 20:19:16,dbf3f80853c347f2114e96aba7710b77bfc4d8ff,['97a7fba7620da59969b19e329b01c603d52a0bc4'],['pmd-apex/src/test/java/net/sourceforge/pmd/lang/apex/multifile/ApexMultifileVisitorTest.java'],"['testProjectMirrorNotNull', 'testOperationsAreThere']","{'pmd-apex/src/test/java/net/sourceforge/pmd/lang/apex/multifile/ApexMultifileVisitorTest.java': ['testProjectMirrorNotNull', 'testOperationsAreThere']}","{'Total File': 1, 'Total Tests': 2, 'Files': ['pmd-apex/src/test/java/net/sourceforge/pmd/lang/apex/multifile/ApexMultifileVisitorTest.java']}",2,2
2020-10-26 13:17:54,148e9ac69a8a911b6958e60aad9320444333f4e3,['4ef725764a163c1ec615e82343e83c059241abc7'],['pmd-core/src/test/java/net/sourceforge/pmd/util/CompoundListTest.java'],"['testHappyPath', 'testHappyPathRemove', 'testEmpty', 'testEmptyBadNext', 'testEmptyBadRemove']","{'pmd-core/src/test/java/net/sourceforge/pmd/util/CompoundListTest.java': ['testHappyPath', 'testHappyPathRemove', 'testEmpty', 'testEmptyBadNext', 'testEmptyBadRemove']}","{'Total File': 1, 'Total Tests': 5, 'Files': ['pmd-core/src/test/java/net/sourceforge/pmd/util/CompoundListTest.java']}",5,5
2020-10-30 07:55:53,bbc71da28926ca6f0242eb7fe31f2298a031ba8a,['5a96c714d5e981423a4caf89b85d69cc7bf8109b'],['pmd-java/src/test/java/net/sourceforge/pmd/lang/java/rule/bestpractices/UnusedPrivateFieldTest.java'],['makeSureLombokIsNotOnClasspath'],{'pmd-java/src/test/java/net/sourceforge/pmd/lang/java/rule/bestpractices/UnusedPrivateFieldTest.java': ['makeSureLombokIsNotOnClasspath']},"{'Total File': 0, 'Total Tests': 0, 'Files': []}",1,0
2020-11-15 09:42:30,a2311f1a17cd643bdeea63ec48c163d37934b2a0,['2fad9bf507d5c0c4a022ce742b63b727471a4dc3'],['pmd-test/src/main/java/net/sourceforge/pmd/lang/ParserOptionsTest.java'],['testSuppressMarker'],{'pmd-test/src/main/java/net/sourceforge/pmd/lang/ParserOptionsTest.java': ['testSuppressMarker']},"{'Total File': 0, 'Total Tests': 0, 'Files': []}",1,0
2020-11-16 13:29:16,f16c56dbe8cbdc6da62d9e4162f5d05853fd3d35,['8f2054f4a4dececcbc2363f94ff2a43a281eafbd'],['pmd-java/src/test/java/net/sourceforge/pmd/lang/java/ast/FormalCommentTest.java'],['testJavadocTagsAsChildren'],{'pmd-java/src/test/java/net/sourceforge/pmd/lang/java/ast/FormalCommentTest.java': ['testJavadocTagsAsChildren']},"{'Total File': 1, 'Total Tests': 1, 'Files': ['pmd-java/src/test/java/net/sourceforge/pmd/lang/java/ast/FormalCommentTest.java']}",1,1
2020-12-11 01:37:23,06f2c96e3c935b887df6d67fa9a14da4455c702f,['90c123621a03a8d017845ca94319969618c53c69'],['pmd-java/src/test/java/net/sourceforge/pmd/lang/java/rule/xpath/internal/XPathMetricFunctionTest.java'],"['testWrongNodeTypeGeneric', 'testWrongMetricKeyForTypeDeclaration', 'testWrongMetricKeyForOperationDeclaration']","{'pmd-java/src/test/java/net/sourceforge/pmd/lang/java/rule/xpath/internal/XPathMetricFunctionTest.java': ['testWrongNodeTypeGeneric', 'testWrongMetricKeyForTypeDeclaration', 'testWrongMetricKeyForOperationDeclaration']}","{'Total File': 0, 'Total Tests': 0, 'Files': []}",3,0
2020-12-11 01:37:23,9fa85d8e597de4c595dececf179455d06dcd239b,['16a4aa3163061011b08564c5bda50db543e3f6e9'],"['pmd-java/src/test/java/net/sourceforge/pmd/lang/java/metrics/SigMaskTest.java', 'pmd-java/src/test/java/net/sourceforge/pmd/lang/java/metrics/SignatureTest.java']","['testEmptyOperationMask', 'testEmptyFieldMask', 'testFinalFields', 'testStaticFields', 'testFieldvisibility', 'testOperationVisibility', 'testOperationRoles', 'visibilityTest', 'operationRoleTest', 'testGetterDetection', 'testSetterDetection', 'isAbstractOperationTest', 'isFinalFieldTest', 'isStaticFieldTest', 'operationPoolTest', 'fieldPoolTest']","{'pmd-java/src/test/java/net/sourceforge/pmd/lang/java/metrics/SigMaskTest.java': ['testEmptyOperationMask', 'testEmptyFieldMask', 'testFinalFields', 'testStaticFields', 'testFieldvisibility', 'testOperationVisibility', 'testOperationRoles'], 'pmd-java/src/test/java/net/sourceforge/pmd/lang/java/metrics/SignatureTest.java': ['visibilityTest', 'operationRoleTest', 'testGetterDetection', 'testSetterDetection', 'isAbstractOperationTest', 'isFinalFieldTest', 'isStaticFieldTest', 'operationPoolTest', 'fieldPoolTest']}","{'Total File': 2, 'Total Tests': 16, 'Files': ['pmd-java/src/test/java/net/sourceforge/pmd/lang/java/metrics/SigMaskTest.java', 'pmd-java/src/test/java/net/sourceforge/pmd/lang/java/metrics/SignatureTest.java']}",16,16
2020-12-12 11:38:17,59fff65a857d6eb84f591fc94a9c582f427540f7,['99ee5bdee010f1f07227f6a0b5ec00218166b784'],['pmd-core/src/test/java/net/sourceforge/pmd/RuleSetFactoryTest.java'],['testNoRuleSetFileName'],{'pmd-core/src/test/java/net/sourceforge/pmd/RuleSetFactoryTest.java': ['testNoRuleSetFileName']},"{'Total File': 0, 'Total Tests': 0, 'Files': []}",1,0
2020-12-12 13:31:50,789e4aa73004fc4e25ebf0bc2db8a3d89d510d10,['86ea3a0fb7dba43965e906a702aceaaa53e24d50'],['pmd-core/src/test/java/net/sourceforge/pmd/ConfigurationTest.java'],['testRuleSets'],{'pmd-core/src/test/java/net/sourceforge/pmd/ConfigurationTest.java': ['testRuleSets']},"{'Total File': 0, 'Total Tests': 0, 'Files': []}",1,0
2020-12-12 14:19:50,83edce05c1361d3189de1a38e4ed219f953e3721,['79def1b51d8bee8c6d75df44270b06264090bf72'],"['pmd-visualforce/src/test/java/net/sourceforge/pmd/lang/vf/VfParserOptionsTest.java', 'pmd-test/src/test/java/net/sourceforge/pmd/lang/ParserOptionsUnitTest.java', 'pmd-test/src/main/java/net/sourceforge/pmd/lang/ParserOptionsTest.java']","['testEqualsHashcode', 'testSuppressMarker', 'testDefaultPropertyDescriptors', 'testOverriddenPropertyDescriptors', 'testEnvOverriddenPropertyDescriptors', 'testEmptyPropertyDescriptors', 'testSuppressMarkerEqualsHashCode', 'testGetEnvironmentVariableName', 'testGetEnvironmentVariableNameThrowsExceptionIfLanguageIsNull', 'testDefaultPropertyDescriptors']","{'pmd-visualforce/src/test/java/net/sourceforge/pmd/lang/vf/VfParserOptionsTest.java': ['testDefaultPropertyDescriptors'], 'pmd-test/src/test/java/net/sourceforge/pmd/lang/ParserOptionsUnitTest.java': ['testSuppressMarker', 'testDefaultPropertyDescriptors', 'testOverriddenPropertyDescriptors', 'testEnvOverriddenPropertyDescriptors', 'testEmptyPropertyDescriptors', 'testSuppressMarkerEqualsHashCode', 'testGetEnvironmentVariableName', 'testGetEnvironmentVariableNameThrowsExceptionIfLanguageIsNull'], 'pmd-test/src/main/java/net/sourceforge/pmd/lang/ParserOptionsTest.java': ['testEqualsHashcode']}","{'Total File': 2, 'Total Tests': 9, 'Files': ['pmd-visualforce/src/test/java/net/sourceforge/pmd/lang/vf/VfParserOptionsTest.java', 'pmd-test/src/test/java/net/sourceforge/pmd/lang/ParserOptionsUnitTest.java']}",10,9
2020-12-12 16:01:06,3202136bd9798bbfb10c74245779d285f7c0fad3,"['70079f0842ed16d92ccaf6234104da5c6c791590', '134dbed07e8fb20bc01e3543803ca72a065187da']","['pmd-xml/src/test/java/net/sourceforge/pmd/lang/xml/rule/AbstractDomXmlRuleTest.java', 'pmd-core/src/test/java/net/sourceforge/pmd/RuleSetFactoryCompatibilityTest.java']","['testEncoding', 'testVisit', 'dtdIsNotLookedUp', 'xsdIsNotLookedUp']","{'pmd-xml/src/test/java/net/sourceforge/pmd/lang/xml/rule/AbstractDomXmlRuleTest.java': ['testVisit', 'dtdIsNotLookedUp', 'xsdIsNotLookedUp'], 'pmd-core/src/test/java/net/sourceforge/pmd/RuleSetFactoryCompatibilityTest.java': ['testEncoding']}","{'Total File': 1, 'Total Tests': 3, 'Files': ['pmd-xml/src/test/java/net/sourceforge/pmd/lang/xml/rule/AbstractDomXmlRuleTest.java']}",4,3
2020-12-12 16:26:41,70079f0842ed16d92ccaf6234104da5c6c791590,['163d7af6c28491b4e569c91661d165d8db57ebcd'],"['pmd-xml/src/test/java/net/sourceforge/pmd/lang/xml/rule/AbstractXmlRuleTest.java', 'pmd-xml/src/test/java/net/sourceforge/pmd/lang/wsdl/rule/AbstractWsdlRuleTest.java']","['testVisit', 'testVisit']","{'pmd-xml/src/test/java/net/sourceforge/pmd/lang/xml/rule/AbstractXmlRuleTest.java': ['testVisit'], 'pmd-xml/src/test/java/net/sourceforge/pmd/lang/wsdl/rule/AbstractWsdlRuleTest.java': ['testVisit']}","{'Total File': 2, 'Total Tests': 2, 'Files': ['pmd-xml/src/test/java/net/sourceforge/pmd/lang/xml/rule/AbstractXmlRuleTest.java', 'pmd-xml/src/test/java/net/sourceforge/pmd/lang/wsdl/rule/AbstractWsdlRuleTest.java']}",2,2
2020-12-14 06:18:46,053c439a43d39797a08c09f7dcb17470272ab1db,['2ac5a4907e1e79eedb795750ffefc6e8cc5a9be4'],['pmd-xml/src/test/java/net/sourceforge/pmd/lang/xml/rule/AbstractDomXmlRuleTest.java'],"['testVisit', 'dtdIsNotLookedUp', 'xsdIsNotLookedUp']","{'pmd-xml/src/test/java/net/sourceforge/pmd/lang/xml/rule/AbstractDomXmlRuleTest.java': ['testVisit', 'dtdIsNotLookedUp', 'xsdIsNotLookedUp']}","{'Total File': 1, 'Total Tests': 3, 'Files': ['pmd-xml/src/test/java/net/sourceforge/pmd/lang/xml/rule/AbstractDomXmlRuleTest.java']}",3,3
2020-12-14 06:18:46,2ac5a4907e1e79eedb795750ffefc6e8cc5a9be4,['f6b1acbdd51b007809a511e6cb23984ba7292380'],"['pmd-xml/src/test/java/net/sourceforge/pmd/lang/xml/rule/AbstractXmlRuleTest.java', 'pmd-xml/src/test/java/net/sourceforge/pmd/lang/wsdl/rule/AbstractWsdlRuleTest.java']","['testVisit', 'testVisit']","{'pmd-xml/src/test/java/net/sourceforge/pmd/lang/xml/rule/AbstractXmlRuleTest.java': ['testVisit'], 'pmd-xml/src/test/java/net/sourceforge/pmd/lang/wsdl/rule/AbstractWsdlRuleTest.java': ['testVisit']}","{'Total File': 2, 'Total Tests': 2, 'Files': ['pmd-xml/src/test/java/net/sourceforge/pmd/lang/xml/rule/AbstractXmlRuleTest.java', 'pmd-xml/src/test/java/net/sourceforge/pmd/lang/wsdl/rule/AbstractWsdlRuleTest.java']}",2,2
2021-02-13 14:14:43,7c427413a8a6c7cc3c5cc23f8d71ea2b16842373,['fb359c290eabe8093ad21e317a4c7d9d71d20287'],['pmd-core/src/test/java/net/sourceforge/pmd/ConfigurationTest.java'],['testMultiFileAnalysisDirectory'],{'pmd-core/src/test/java/net/sourceforge/pmd/ConfigurationTest.java': ['testMultiFileAnalysisDirectory']},"{'Total File': 0, 'Total Tests': 0, 'Files': []}",1,0
2021-02-15 12:58:55,3b151e31c4138f06204d637b396747e089478f61,['2ec77ad02fde8ceb56eed684b3ba34b7510ea9f8'],['pmd-java/src/test/java/net/sourceforge/pmd/lang/java/ast/Java14PreviewTest.java'],"['textBlocks', 'textBlocksBeforeJava14PreviewShouldFail', 'stringEscapeSequenceShouldFail', 'patternMatchingInstanceof', 'patternMatchingInstanceofBeforeJava14PreviewShouldFail', 'recordPoint', 'recordPointBeforeJava14PreviewShouldFail', 'recordCtorWithThrowsShouldFail', 'innerRecords', 'recordIsARestrictedIdentifier']","{'pmd-java/src/test/java/net/sourceforge/pmd/lang/java/ast/Java14PreviewTest.java': ['textBlocks', 'textBlocksBeforeJava14PreviewShouldFail', 'stringEscapeSequenceShouldFail', 'patternMatchingInstanceof', 'patternMatchingInstanceofBeforeJava14PreviewShouldFail', 'recordPoint', 'recordPointBeforeJava14PreviewShouldFail', 'recordCtorWithThrowsShouldFail', 'innerRecords', 'recordIsARestrictedIdentifier']}","{'Total File': 1, 'Total Tests': 10, 'Files': ['pmd-java/src/test/java/net/sourceforge/pmd/lang/java/ast/Java14PreviewTest.java']}",10,10
2021-07-01 05:11:54,a4ee44f4b3eeebd58c76fa544c5743364830ad6b,['a5d9de59f8b966b0c1599432b0252984c4e597a0'],['pmd-java/src/test/java/net/sourceforge/pmd/lang/java/ast/Java15PreviewTreeDumpTest.java'],"['patternMatchingInstanceof', 'patternMatchingInstanceofBeforeJava15PreviewShouldFail', 'recordPoint', 'recordPointBeforeJava15PreviewShouldFail', 'recordCtorWithThrowsShouldFail', 'recordMustNotExtend', 'innerRecords', 'recordIsARestrictedIdentifier', 'localRecords', 'sealedClassBeforeJava15Preview', 'sealedClass', 'nonSealedClass', 'sealedInterfaceBeforeJava15Preview', 'sealedInterface', 'localInterfaceAndEnums', 'localInterfacesAndEnumsBeforeJava15PreviewShouldFail']","{'pmd-java/src/test/java/net/sourceforge/pmd/lang/java/ast/Java15PreviewTreeDumpTest.java': ['patternMatchingInstanceof', 'patternMatchingInstanceofBeforeJava15PreviewShouldFail', 'recordPoint', 'recordPointBeforeJava15PreviewShouldFail', 'recordCtorWithThrowsShouldFail', 'recordMustNotExtend', 'innerRecords', 'recordIsARestrictedIdentifier', 'localRecords', 'sealedClassBeforeJava15Preview', 'sealedClass', 'nonSealedClass', 'sealedInterfaceBeforeJava15Preview', 'sealedInterface', 'localInterfaceAndEnums', 'localInterfacesAndEnumsBeforeJava15PreviewShouldFail']}","{'Total File': 1, 'Total Tests': 16, 'Files': ['pmd-java/src/test/java/net/sourceforge/pmd/lang/java/ast/Java15PreviewTreeDumpTest.java']}",16,16
2021-12-16 09:49:04,55f301cbd774314bab2116a5b7b609e082386d1f,['f4468a22c1095b5c1db1aea4e6190669f6abd7d5'],['pmd-javascript/src/test/java/net/sourceforge/pmd/lang/ecmascript/EcmasccriptLanguageModuleTest.java'],"['canCreateRuleViolation', 'canCreateRuleViolationWithLineNumbers']","{'pmd-javascript/src/test/java/net/sourceforge/pmd/lang/ecmascript/EcmasccriptLanguageModuleTest.java': ['canCreateRuleViolation', 'canCreateRuleViolationWithLineNumbers']}","{'Total File': 1, 'Total Tests': 2, 'Files': ['pmd-javascript/src/test/java/net/sourceforge/pmd/lang/ecmascript/EcmasccriptLanguageModuleTest.java']}",2,2
2022-02-16 14:13:43,f7e4d624156197803cc09c3011a1422253b99095,['1f2aa739b4988e9932eb582b16a773061a1884ff'],['pmd-core/src/test/java/net/sourceforge/pmd/util/StringUtilTest.java'],"['testCommonSuffix', 'testCommonPrefix']","{'pmd-core/src/test/java/net/sourceforge/pmd/util/StringUtilTest.java': ['testCommonSuffix', 'testCommonPrefix']}","{'Total File': 0, 'Total Tests': 0, 'Files': []}",2,0
2022-02-17 04:17:14,6b2dde878ad62018a0cd87a4fdbccf9a3981be24,['3eed1164b48da0802d15834f69502ba50ff4a14d'],['pmd-core/src/test/java/net/sourceforge/pmd/renderers/SarifRendererTest.java'],['testRendererMultiple'],{'pmd-core/src/test/java/net/sourceforge/pmd/renderers/SarifRendererTest.java': ['testRendererMultiple']},"{'Total File': 0, 'Total Tests': 0, 'Files': []}",1,0
2022-02-25 11:52:17,2396b890439a877f64b0d87a0aad10d5fb101fef,['853942d62363b6b999c402066abd71ff8f259448'],['pmd-core/src/test/java/net/sourceforge/pmd/internal/StageDependencyTest.java'],"['testSimpleDependency', 'testNoDependency', 'testDependencyUnion', 'testTransitiveDependency', 'testNoRecomputation', 'testDependencyOrdering']","{'pmd-core/src/test/java/net/sourceforge/pmd/internal/StageDependencyTest.java': ['testSimpleDependency', 'testNoDependency', 'testDependencyUnion', 'testTransitiveDependency', 'testNoRecomputation', 'testDependencyOrdering']}","{'Total File': 1, 'Total Tests': 6, 'Files': ['pmd-core/src/test/java/net/sourceforge/pmd/internal/StageDependencyTest.java']}",6,6
2022-02-25 12:50:50,bad65fe858901f06ab21bf54ecf77d7ac430c083,['bf91e70c9f8107edaf132bab5b2ce70087da7bfd'],['pmd-java/src/test/java/net/sourceforge/pmd/lang/java/ast/ASTFormalParameterTest.java'],['testVarargs'],{'pmd-java/src/test/java/net/sourceforge/pmd/lang/java/ast/ASTFormalParameterTest.java': ['testVarargs']},"{'Total File': 1, 'Total Tests': 1, 'Files': ['pmd-java/src/test/java/net/sourceforge/pmd/lang/java/ast/ASTFormalParameterTest.java']}",1,1
2022-03-07 13:17:15,82315427460e35067dc5610f92404e6f2c260e8d,['2c0a641b2cbd82c34e950ceb4b435d55928bf53c'],['pmd-core/src/test/java/net/sourceforge/pmd/lang/ast/impl/javacc/io/CharStreamImplTest.java'],['testReadEofChars'],{'pmd-core/src/test/java/net/sourceforge/pmd/lang/ast/impl/javacc/io/CharStreamImplTest.java': ['testReadEofChars']},"{'Total File': 0, 'Total Tests': 0, 'Files': []}",1,0
2022-03-10 08:11:18,aead02ba890b0f89d04141bac803cd76b8fb30b9,['07549b1283165009d1c592ce8e3e3db28996bf37'],"['pmd-java/src/test/java/net/sourceforge/pmd/lang/java/symboltable/ClassScopeTest.java', 'pmd-java/src/test/java/net/sourceforge/pmd/lang/java/symboltable/VariableNameDeclarationTest.java', 'pmd-java/src/test/java/net/sourceforge/pmd/lang/java/symboltable/AcceptanceTest.java', 'pmd-java/src/test/java/net/sourceforge/pmd/lang/java/symboltable/LocalScopeTest.java', 'pmd-java/src/test/java/net/sourceforge/pmd/lang/java/symboltable/ImageFinderFunctionTest.java', 'pmd-java/src/test/java/net/sourceforge/pmd/lang/java/symboltable/ScopeAndDeclarationFinderTest.java', 'pmd-java/src/test/java/net/sourceforge/pmd/lang/java/symboltable/SourceFileScopeTest.java', 'pmd-java/src/test/java/net/sourceforge/pmd/lang/java/symboltable/NameOccurrencesTest.java', 'pmd-java/src/test/java/net/sourceforge/pmd/lang/java/symboltable/ScopeCreationVisitorTest.java', 'pmd-java/src/test/java/net/sourceforge/pmd/lang/java/symboltable/GlobalScopeTest.java', 'pmd-java/src/test/java/net/sourceforge/pmd/lang/java/symboltable/MethodScopeTest.java', 'pmd-java/src/test/java/net/sourceforge/pmd/lang/java/symboltable/MethodNameDeclarationTest.java']","['testClashingSymbols', 'testInitializer', 'testCatchBlocks', 'testEq', 'testFieldFinder', 'testDemo', 'testEnum', 'testInnerOuterClass', 'testNullPointerEnumValueOfOverloaded', 'testEnumsClassScope', 'testEnumTypeParameter', 'testVarArgsEmpty', 'testAnonymousInnerClassName', 'testContains', 'testCantContainsSuperToString', 'testContainsStaticVariablePrefixedWithClassName', 'testClassName', 'testMethodDeclarationRecorded', 'testTwoMethodsSameNameDiffArgs', 'testOneParam', 'testTwoParams', 'testNoParams', 'testOneParamVararg', 'testTwoParamsVararg', 'testNestedClassesOfImportResolution', 'testNestedClassesResolution', 'testImportNestedClassesResolution', 'testNestedClassDeclFound', 'testbuz', 'testMethodUsageSeen', 'testMethodUsageSeenWithThis', 'testMethodUsageSeen2', 'testNestedClassFieldAndParameter', 'testNullType', 'testClassDeclAppears', 'testEnums', 'testSingleImage', 'testSeveralImages', 'testLocalVariableDeclarationFound', 'testQualifiedNameOccurrence', 'testPostfixUsageIsRecorded', 'testLocalVariableTypesAreRecorded', 'testMethodArgumentTypesAreRecorded', 'testgetEnclosingMethodScope', 'testEquality', 'testMethodParameterOccurrenceRecorded', 'testMethodName', 'testGenerics', 'testSuper', 'testThis', 'testNameLinkage', 'testSimpleVariableOccurrence', 'testQualifiedOccurrence', 'testIsSelfAssignment', 'testEnumStaticUsage', 'testJava8LambdaScoping', 'testAnnonInnerClassScoping', 'testSuperCtor', 'testScopesAreCreated', 'testClassDeclAppears', 'testPackageIsEmptyString', 'testPackageNameFound', 'testNestedClasses', 'testConstructor', 'testExceptionBlkParam', 'testIsArray', 'testPrimitiveType', 'testArrayIsReferenceType', 'testPrimitiveTypeImage', 'testRefTypeImage', 'testParamTypeImage', 'testVarKeywordTypeImage', 'testVarKeywordWithPrimitiveTypeImage', 'testVarKeywordWithIndirectReference', 'testLamdaParameterTypeImage']","{'pmd-java/src/test/java/net/sourceforge/pmd/lang/java/symboltable/ClassScopeTest.java': ['testEnumsClassScope', 'testEnumTypeParameter', 'testVarArgsEmpty', 'testAnonymousInnerClassName', 'testContains', 'testCantContainsSuperToString', 'testContainsStaticVariablePrefixedWithClassName', 'testClassName', 'testMethodDeclarationRecorded', 'testTwoMethodsSameNameDiffArgs', 'testOneParam', 'testTwoParams', 'testNoParams', 'testOneParamVararg', 'testTwoParamsVararg', 'testNestedClassesOfImportResolution', 'testNestedClassesResolution', 'testImportNestedClassesResolution', 'testNestedClassDeclFound', 'testbuz', 'testMethodUsageSeen', 'testMethodUsageSeenWithThis', 'testMethodUsageSeen2', 'testNestedClassFieldAndParameter', 'testNullType'], 'pmd-java/src/test/java/net/sourceforge/pmd/lang/java/symboltable/VariableNameDeclarationTest.java': ['testConstructor', 'testExceptionBlkParam', 'testIsArray', 'testPrimitiveType', 'testArrayIsReferenceType', 'testPrimitiveTypeImage', 'testRefTypeImage', 'testParamTypeImage', 'testVarKeywordTypeImage', 'testVarKeywordWithPrimitiveTypeImage', 'testVarKeywordWithIndirectReference', 'testLamdaParameterTypeImage'], 'pmd-java/src/test/java/net/sourceforge/pmd/lang/java/symboltable/AcceptanceTest.java': ['testClashingSymbols', 'testInitializer', 'testCatchBlocks', 'testEq', 'testFieldFinder', 'testDemo', 'testEnum', 'testInnerOuterClass', 'testNullPointerEnumValueOfOverloaded'], 'pmd-java/src/test/java/net/sourceforge/pmd/lang/java/symboltable/LocalScopeTest.java': ['testLocalVariableDeclarationFound', 'testQualifiedNameOccurrence', 'testPostfixUsageIsRecorded', 'testLocalVariableTypesAreRecorded', 'testMethodArgumentTypesAreRecorded', 'testgetEnclosingMethodScope'], 'pmd-java/src/test/java/net/sourceforge/pmd/lang/java/symboltable/ImageFinderFunctionTest.java': ['testSingleImage', 'testSeveralImages'], 'pmd-java/src/test/java/net/sourceforge/pmd/lang/java/symboltable/ScopeAndDeclarationFinderTest.java': ['testJava8LambdaScoping', 'testAnnonInnerClassScoping', 'testSuperCtor'], 'pmd-java/src/test/java/net/sourceforge/pmd/lang/java/symboltable/SourceFileScopeTest.java': ['testClassDeclAppears', 'testPackageIsEmptyString', 'testPackageNameFound', 'testNestedClasses'], 'pmd-java/src/test/java/net/sourceforge/pmd/lang/java/symboltable/NameOccurrencesTest.java': ['testSuper', 'testThis', 'testNameLinkage', 'testSimpleVariableOccurrence', 'testQualifiedOccurrence', 'testIsSelfAssignment', 'testEnumStaticUsage'], 'pmd-java/src/test/java/net/sourceforge/pmd/lang/java/symboltable/ScopeCreationVisitorTest.java': ['testScopesAreCreated'], 'pmd-java/src/test/java/net/sourceforge/pmd/lang/java/symboltable/GlobalScopeTest.java': ['testClassDeclAppears', 'testEnums'], 'pmd-java/src/test/java/net/sourceforge/pmd/lang/java/symboltable/MethodScopeTest.java': ['testMethodParameterOccurrenceRecorded', 'testMethodName', 'testGenerics'], 'pmd-java/src/test/java/net/sourceforge/pmd/lang/java/symboltable/MethodNameDeclarationTest.java': ['testEquality']}","{'Total File': 12, 'Total Tests': 75, 'Files': ['pmd-java/src/test/java/net/sourceforge/pmd/lang/java/symboltable/ClassScopeTest.java', 'pmd-java/src/test/java/net/sourceforge/pmd/lang/java/symboltable/VariableNameDeclarationTest.java', 'pmd-java/src/test/java/net/sourceforge/pmd/lang/java/symboltable/AcceptanceTest.java', 'pmd-java/src/test/java/net/sourceforge/pmd/lang/java/symboltable/LocalScopeTest.java', 'pmd-java/src/test/java/net/sourceforge/pmd/lang/java/symboltable/ImageFinderFunctionTest.java', 'pmd-java/src/test/java/net/sourceforge/pmd/lang/java/symboltable/ScopeAndDeclarationFinderTest.java', 'pmd-java/src/test/java/net/sourceforge/pmd/lang/java/symboltable/SourceFileScopeTest.java', 'pmd-java/src/test/java/net/sourceforge/pmd/lang/java/symboltable/NameOccurrencesTest.java', 'pmd-java/src/test/java/net/sourceforge/pmd/lang/java/symboltable/ScopeCreationVisitorTest.java', 'pmd-java/src/test/java/net/sourceforge/pmd/lang/java/symboltable/GlobalScopeTest.java', 'pmd-java/src/test/java/net/sourceforge/pmd/lang/java/symboltable/MethodScopeTest.java', 'pmd-java/src/test/java/net/sourceforge/pmd/lang/java/symboltable/MethodNameDeclarationTest.java']}",75,75
2022-03-10 08:41:01,b769594fc76bbbb26530928721d827e60e4e0756,['937eb90a705bf7a2e009c4a61ef229e2709e98fa'],['pmd-java/src/test/java/net/sourceforge/pmd/lang/java/ast/Java16PreviewTreeDumpTest.java'],"['sealedClassBeforeJava16Preview', 'sealedClass', 'nonSealedClass', 'sealedInterfaceBeforeJava15Preview', 'sealedInterface']","{'pmd-java/src/test/java/net/sourceforge/pmd/lang/java/ast/Java16PreviewTreeDumpTest.java': ['sealedClassBeforeJava16Preview', 'sealedClass', 'nonSealedClass', 'sealedInterfaceBeforeJava15Preview', 'sealedInterface']}","{'Total File': 1, 'Total Tests': 5, 'Files': ['pmd-java/src/test/java/net/sourceforge/pmd/lang/java/ast/Java16PreviewTreeDumpTest.java']}",5,5
2022-04-01 12:06:33,9d816d28b979006e8c6454c03932beb754b079bb,['bc19d2cc406ab626f75a1150baeaab07f0b909fd'],"['pmd-java/src/test/java/net/sourceforge/pmd/lang/java/ast/SimpleNodeTest.java', 'pmd-java/src/test/java/net/sourceforge/pmd/lang/java/ast/ASTModuleDeclarationTest.java']","['jdk9ModuleInfo', 'testColumnsOnQualifiedName', 'testLineNumbersForNameSplitOverTwoLines', 'testParentMethods']","{'pmd-java/src/test/java/net/sourceforge/pmd/lang/java/ast/SimpleNodeTest.java': ['testColumnsOnQualifiedName', 'testLineNumbersForNameSplitOverTwoLines', 'testParentMethods'], 'pmd-java/src/test/java/net/sourceforge/pmd/lang/java/ast/ASTModuleDeclarationTest.java': ['jdk9ModuleInfo']}","{'Total File': 0, 'Total Tests': 0, 'Files': []}",4,0
2022-04-03 11:07:47,13e2b3342c42dedae00353c78b4109a67b9be18f,['5485794da51bfbe2f4ed039ade630eb4b4a26f90'],['pmd-core/src/test/java/net/sourceforge/pmd/util/treeexport/TreeExportCliTest.java'],"['testXmlPropertiesAvailable', 'testXmlDescriptorDump']","{'pmd-core/src/test/java/net/sourceforge/pmd/util/treeexport/TreeExportCliTest.java': ['testXmlPropertiesAvailable', 'testXmlDescriptorDump']}","{'Total File': 0, 'Total Tests': 0, 'Files': []}",2,0
2022-04-09 09:16:43,32a02cecaafab30deb61a30f187ffb8d3b87fc15,['b6ac0aadee31944fa1bec0f9c2aa7eab2f1e38c9'],['pmd-java/src/test/java/net/sourceforge/pmd/lang/java/ast/SimpleNodeTest.java'],"['testMethodDiffLines', 'testMethodSameLine', 'testNoLookahead', 'testHasExplicitExtends', 'testNoExplicitExtends', 'testHasExplicitImplements', 'testNoExplicitImplements', 'testColumnsOnQualifiedName', 'testLineNumbersForNameSplitOverTwoLines', 'testParentMethods', 'testContainsNoInner', 'testContainsNoInnerWithAnonInner', 'testContainsChildOfType', 'testXPathNodeSelect']","{'pmd-java/src/test/java/net/sourceforge/pmd/lang/java/ast/SimpleNodeTest.java': ['testMethodDiffLines', 'testMethodSameLine', 'testNoLookahead', 'testHasExplicitExtends', 'testNoExplicitExtends', 'testHasExplicitImplements', 'testNoExplicitImplements', 'testColumnsOnQualifiedName', 'testLineNumbersForNameSplitOverTwoLines', 'testParentMethods', 'testContainsNoInner', 'testContainsNoInnerWithAnonInner', 'testContainsChildOfType', 'testXPathNodeSelect']}","{'Total File': 1, 'Total Tests': 14, 'Files': ['pmd-java/src/test/java/net/sourceforge/pmd/lang/java/ast/SimpleNodeTest.java']}",14,14
2022-04-10 02:10:53,7e8b5e37fc1237250ba24f98f3192f2c0ac15e5b,['9f163ed9a15bbe9b73d02d165deeb5448948eca8'],['pmd-core/src/test/java/net/sourceforge/pmd/lang/LanguageRegistryTest.java'],['getDefaultLanguageTest'],{'pmd-core/src/test/java/net/sourceforge/pmd/lang/LanguageRegistryTest.java': ['getDefaultLanguageTest']},"{'Total File': 0, 'Total Tests': 0, 'Files': []}",1,0
2022-04-15 09:24:22,fc81d649b84e1e7bb030a0dc4d95f1f195d71669,['a09cc0578178fdb517d073a37536f0b5d71e0b08'],['pmd-core/src/test/java/net/sourceforge/pmd/RuleSetFactoryTest.java'],['testStringMultiPropertyDelimiter'],{'pmd-core/src/test/java/net/sourceforge/pmd/RuleSetFactoryTest.java': ['testStringMultiPropertyDelimiter']},"{'Total File': 0, 'Total Tests': 0, 'Files': []}",1,0
2022-04-24 05:07:18,fa60ad93177b77177219d5bcd4561b3dbe1b006f,['13d0ddad1be69bdda5f04ebe8068b3f5e9e194b7'],['pmd-core/src/test/java/net/sourceforge/pmd/lang/document/TextDocumentTest.java'],"['testOffsetFromLineColumn', 'testCoordinateRoundTripWithEndOfLine', 'testCoordinateRoundTripSimple']","{'pmd-core/src/test/java/net/sourceforge/pmd/lang/document/TextDocumentTest.java': ['testOffsetFromLineColumn', 'testCoordinateRoundTripWithEndOfLine', 'testCoordinateRoundTripSimple']}","{'Total File': 0, 'Total Tests': 0, 'Files': []}",3,0
2022-04-24 12:45:06,e4627fb8411571aec24de0aed522a0b44ad5b54b,['871fcc3cedd77943c721ac26935ec62219f8f988'],['pmd-core/src/test/java/net/sourceforge/pmd/util/StringUtilTest.java'],['linesWithTrimIndent'],{'pmd-core/src/test/java/net/sourceforge/pmd/util/StringUtilTest.java': ['linesWithTrimIndent']},"{'Total File': 0, 'Total Tests': 0, 'Files': []}",1,0
2022-04-30 07:11:16,772ccb3386c8203b0e180291472f1134476630a4,['7ed2b6610ae8bb7aca8200922d74ac731815227c'],['pmd-core/src/test/java/net/sourceforge/pmd/lang/document/SourceCodePositionerTest.java'],['longOffsetMasking'],{'pmd-core/src/test/java/net/sourceforge/pmd/lang/document/SourceCodePositionerTest.java': ['longOffsetMasking']},"{'Total File': 0, 'Total Tests': 0, 'Files': []}",1,0
2022-05-07 11:59:21,686e878caf2ccf67e998697cd06193c0fd640083,['06d0d6b0fba0a0fcec3b323f5da008fa1f6bc966'],['pmd-core/src/test/java/net/sourceforge/pmd/cli/CoreCliTest.java'],"['testMultipleRulesets', 'testMultipleDirectories']","{'pmd-core/src/test/java/net/sourceforge/pmd/cli/CoreCliTest.java': ['testMultipleRulesets', 'testMultipleDirectories']}","{'Total File': 0, 'Total Tests': 0, 'Files': []}",2,0
2022-07-07 08:24:49,a5b68ddfcf81ef01c94ac8af88dc10fc7a7002be,['32a76bd602fcdb947bbca3465403c6ee7430ec89'],['pmd-java/src/test/java/net/sourceforge/pmd/lang/java/ast/Java17PreviewTreeDumpTest.java'],"['patternMatchingForSwitchBeforeJava17Preview', 'patternMatchingForSwitch', 'enhancedTypeCheckingSwitch', 'scopeOfPatternVariableDeclarations', 'dealingWithNullBeforeJava17Preview', 'dealingWithNull', 'guardedAndParenthesizedPatternsBeforeJava17Preview', 'guardedAndParenthesizedPatterns']","{'pmd-java/src/test/java/net/sourceforge/pmd/lang/java/ast/Java17PreviewTreeDumpTest.java': ['patternMatchingForSwitchBeforeJava17Preview', 'patternMatchingForSwitch', 'enhancedTypeCheckingSwitch', 'scopeOfPatternVariableDeclarations', 'dealingWithNullBeforeJava17Preview', 'dealingWithNull', 'guardedAndParenthesizedPatternsBeforeJava17Preview', 'guardedAndParenthesizedPatterns']}","{'Total File': 1, 'Total Tests': 8, 'Files': ['pmd-java/src/test/java/net/sourceforge/pmd/lang/java/ast/Java17PreviewTreeDumpTest.java']}",8,8
2022-07-22 14:06:30,bc7bbed1b49e5f8eef0e58d87f698328621ae152,['2f3f0d69609c5a27c07b56e2220801c6700ac40e'],['pmd-java/src/test/java/net/sourceforge/pmd/jaxen/RegexpAcceptanceTest.java'],['testSimple'],{'pmd-java/src/test/java/net/sourceforge/pmd/jaxen/RegexpAcceptanceTest.java': ['testSimple']},"{'Total File': 0, 'Total Tests': 0, 'Files': []}",1,0
2022-09-29 08:04:35,58c9f361d3447e10e0ebcfe3cd00c7709a361267,['3ba63285ac7d4a4a4a2ddd610df44551a798d1df'],['pmd-java/src/test/java/net/sourceforge/pmd/lang/java/types/TestingFrameworkTypeUtilTest.java'],"['methodAnnotatedWithJunit5TestAnnotationTest', 'methodAnnotatedWithJunit5ParameterizedTestAnnotationTest', 'methodNotAnnotatedWithJunit5Annotation']","{'pmd-java/src/test/java/net/sourceforge/pmd/lang/java/types/TestingFrameworkTypeUtilTest.java': ['methodAnnotatedWithJunit5TestAnnotationTest', 'methodAnnotatedWithJunit5ParameterizedTestAnnotationTest', 'methodNotAnnotatedWithJunit5Annotation']}","{'Total File': 1, 'Total Tests': 3, 'Files': ['pmd-java/src/test/java/net/sourceforge/pmd/lang/java/types/TestingFrameworkTypeUtilTest.java']}",3,3
2022-11-25 04:28:59,704102cd80d0169bb26f112c00005c4dba9a4049,['675710d0e790def5ffdb521d95ab3e3892b0f5b7'],['pmd-javascript/src/test/java/net/sourceforge/pmd/cli/CLITest.java'],['useEcmaScript'],{'pmd-javascript/src/test/java/net/sourceforge/pmd/cli/CLITest.java': ['useEcmaScript']},"{'Total File': 1, 'Total Tests': 1, 'Files': ['pmd-javascript/src/test/java/net/sourceforge/pmd/cli/CLITest.java']}",1,1
2022-11-25 05:19:24,675710d0e790def5ffdb521d95ab3e3892b0f5b7,['20eb129dfed093c40e4649dcbd8c2aa2da7267ff'],['pmd-java/src/test/java/net/sourceforge/pmd/cli/CLITest.java'],"['minimalArgs', 'minimumPriority', 'usingDebug', 'usingDebugLongOption', 'changeJavaVersion', 'exitStatusNoViolations', 'exitStatusWithViolationsAndWithoutFailOnViolationsLongOption']","{'pmd-java/src/test/java/net/sourceforge/pmd/cli/CLITest.java': ['minimalArgs', 'minimumPriority', 'usingDebug', 'usingDebugLongOption', 'changeJavaVersion', 'exitStatusNoViolations', 'exitStatusWithViolationsAndWithoutFailOnViolationsLongOption']}","{'Total File': 1, 'Total Tests': 7, 'Files': ['pmd-java/src/test/java/net/sourceforge/pmd/cli/CLITest.java']}",7,7
2022-11-26 18:09:40,191f14e6c01771c8d0af87ec9c73ce4aa5b49bb2,['d29a2b093f0afe7a3e3121c9235cdde4243fdb52'],['pmd-java/src/test/java/net/sourceforge/pmd/lang/java/symbols/SymbolReflectionTest.java'],['testAnnotOnMethod'],{'pmd-java/src/test/java/net/sourceforge/pmd/lang/java/symbols/SymbolReflectionTest.java': ['testAnnotOnMethod']},"{'Total File': 0, 'Total Tests': 0, 'Files': []}",1,0
2022-11-28 21:25:29,c431b56f971d4a0ed9e52d4e482aca6b4adbf899,['71ab585220387429c8b2c0660d9f8e0e70464aca'],['pmd-java/src/test/java/net/sourceforge/pmd/lang/java/symbols/SymbolReflectionTest.java'],['testReflectionOfEnumDefault'],{'pmd-java/src/test/java/net/sourceforge/pmd/lang/java/symbols/SymbolReflectionTest.java': ['testReflectionOfEnumDefault']},"{'Total File': 0, 'Total Tests': 0, 'Files': []}",1,0
2022-12-02 04:56:56,eacaa6e2089f513cebd3295a8c599319da42b523,['67240f986373c6b8034a4e5b1cf104ea7464962a'],['pmd-java/src/test/java/net/sourceforge/pmd/lang/java/symbols/AnnotationReflectionTest.java'],['testAnnotOnType'],{'pmd-java/src/test/java/net/sourceforge/pmd/lang/java/symbols/AnnotationReflectionTest.java': ['testAnnotOnType']},"{'Total File': 0, 'Total Tests': 0, 'Files': []}",1,0
